"Epic","Feature","Story","FAILED","BROKEN","PASSED","SKIPPED","UNKNOWN"
"项目名称","项目管理","添加项目：项目备注为空，添加失败","0","0","1","0","0"
"项目名称","项目管理","添加项目：项目开始日期为空，添加失败","0","0","1","0","0"
"opms项目","登录模块","登录测试","0","0","3","0","0"
"","","","0","0","8","0","0"
"项目名称","项目管理","添加项目：添加成功","0","0","1","0","0"
"opms项目","登录模块","登录测试:用户名密码正确","0","0","1","0","0"
"项目名称","项目管理","添加项目：项目结束日期为空，添加失败","0","0","1","0","0"
"项目名称","项目管理","添加项目：项目名称为空，添加失败","0","0","1","0","0"
"项目名称","项目管理","添加项目：项目别名为空，添加失败","0","0","1","0","0"
