"Status","Start Time","Stop Time","Duration in ms","Parent Suite","Suite","Sub Suite","Test Class","Test Method","Name","Description"
"passed","Mon Nov 07 11:56:06 CST 2022","Mon Nov 07 11:56:06 CST 2022","21","test.project management","test_addPro3","","","","test_addpro4",""
"passed","Mon Nov 07 11:56:06 CST 2022","Mon Nov 07 11:56:06 CST 2022","21","test.project management","test_addPro3","","","","test_addpro2",""
"passed","Mon Nov 07 11:56:05 CST 2022","Mon Nov 07 11:56:05 CST 2022","32","test.home","test_login","","","","testlogin_3[-0]",""
"passed","Mon Nov 07 11:56:05 CST 2022","Mon Nov 07 11:56:05 CST 2022","18","test.home","test_login","","","","test_login_4[liba33i-opms333123456-0]",""
"passed","Mon Nov 07 11:56:05 CST 2022","Mon Nov 07 11:56:05 CST 2022","31","test.home","test_login","","","","testlogin_1",""
"passed","Mon Nov 07 11:56:06 CST 2022","Mon Nov 07 11:56:06 CST 2022","20","test.project management","test_addPro3","","","","test_addpro5",""
"passed","Mon Nov 07 11:56:05 CST 2022","Mon Nov 07 11:56:05 CST 2022","39","test.home","test_login","","","","testlogin_3[libai-1]",""
"passed","Mon Nov 07 11:56:05 CST 2022","Mon Nov 07 11:56:05 CST 2022","31","test.home","test_login","","","","test_login_4[libai--0]",""
"passed","Mon Nov 07 11:56:05 CST 2022","Mon Nov 07 11:56:05 CST 2022","27","test.home","test_login","","","","test_login_4[libai22222-opms123456-0]",""
"passed","Mon Nov 07 11:56:05 CST 2022","Mon Nov 07 11:56:05 CST 2022","26","test.home","test_login","","","","testlogin4",""
"passed","Mon Nov 07 11:56:05 CST 2022","Mon Nov 07 11:56:05 CST 2022","23","test.home","test_login","","","","testlogin_3[libai123-0]",""
"passed","Mon Nov 07 11:56:06 CST 2022","Mon Nov 07 11:56:06 CST 2022","19","test.project management","test_addPro3","","","","test_addpro3",""
"passed","Mon Nov 07 11:56:05 CST 2022","Mon Nov 07 11:56:05 CST 2022","24","test.project management","test_addPro3","","","","test_addpro_1",""
"passed","Mon Nov 07 11:56:05 CST 2022","Mon Nov 07 11:56:05 CST 2022","20","test.project management","test_addPro3","","","","test_addpro",""
"passed","Mon Nov 07 11:56:05 CST 2022","Mon Nov 07 11:56:05 CST 2022","17","test.home","test_login","","","","test_login_4[-opms123456-0]",""
"passed","Mon Nov 07 11:56:05 CST 2022","Mon Nov 07 11:56:05 CST 2022","26","test.home","test_login","","","","test_login_4[libai-opms12-0]",""
"passed","Mon Nov 07 11:56:05 CST 2022","Mon Nov 07 11:56:06 CST 2022","19","test.project management","test_addPro3","","","","test_addpro1",""
"passed","Mon Nov 07 11:56:05 CST 2022","Mon Nov 07 11:56:05 CST 2022","49","test.home","test_login","","","","test_login_4[libai-csyz@1234-1]",""
